,City,Lat,Lng,Max Temp,Humidity,Cloudiness,Wind Speed,Country,Date
0,Sokol,59.4617,40.1206,25.11,92,91,15.05,RU,1648339856
1,Bluff,-46.6,168.3333,58.62,73,59,2.06,NZ,1648339693
2,Tomatlán,19.9333,-105.25,82.02,33,8,7.05,MX,1648339857
3,Esperance,-33.8667,121.9,66.04,85,100,13.91,AU,1648339815
4,Korla,41.7597,86.1469,43.41,53,79,3.06,CN,1648339750
5,Ushuaia,-54.8,-68.3,46.06,93,75,4.61,AR,1648339707
6,Vaini,-21.2,-175.2,78.58,67,64,9.69,TO,1648339687
7,Arraial do Cabo,-22.9661,-42.0278,77.13,90,10,11.36,BR,1648339744
8,Smithers,54.7804,-127.1743,39.52,81,100,4.61,CA,1648339735
9,Usinsk,65.9939,57.5281,7.65,90,100,18.99,RU,1648339858
10,Bredasdorp,-34.5322,20.0403,61.65,80,34,8.81,ZA,1648339696
11,Rikitea,-23.1203,-134.9692,79.47,70,0,15.03,PF,1648339694
12,Ahipara,-35.1667,173.1667,71.53,61,3,9.04,NZ,1648339714
13,Jieshi,22.8134,115.8257,68.95,89,82,22.95,CN,1648339858
14,Tasiilaq,65.6145,-37.6368,19.56,66,1,10.18,GL,1648339708
15,Mataura,-46.1927,168.8643,65.17,57,13,0.89,NZ,1648339684
16,Zhigansk,66.7697,123.3711,2.23,98,99,9.91,RU,1648339683
17,Muscat,23.6139,58.5922,78.64,55,1,8.66,OM,1648339859
18,Dubbo,-32.25,148.6167,64.53,82,100,9.22,AU,1648339859
19,Dunedin,-45.8742,170.5036,62.01,70,34,4.27,NZ,1648339749
20,Hong Kong,22.2855,114.1577,75.94,81,52,4.0,HK,1648339499
21,Hofn,64.2539,-15.2082,45.25,92,100,9.26,IS,1648339818
22,Torbay,47.6666,-52.7314,37.27,94,100,5.99,CA,1648339533
23,Polewali,-3.4324,119.3435,80.82,80,95,2.55,ID,1648339860
24,Jamestown,42.097,-79.2353,32.02,70,100,16.11,US,1648339691
25,Rānāpur,22.65,74.5333,79.27,21,5,4.99,IN,1648339860
26,Tres Arroyos,-38.3739,-60.2798,55.06,85,5,3.44,AR,1648339860
27,Hobyo,5.3505,48.5268,79.57,65,11,12.19,SO,1648339758
28,Butaritari,3.0707,172.7902,81.36,75,98,13.78,KI,1648339703
29,Hermanus,-34.4187,19.2345,62.8,81,57,11.41,ZA,1648339685
30,Ishimbay,53.4545,56.0415,23.9,89,99,11.43,RU,1648339861
31,Port Augusta,-32.5,137.7667,79.95,32,2,4.05,AU,1648339861
32,Port Hardy,50.6996,-127.4199,43.39,95,100,3.49,CA,1648339775
33,Albany,42.6001,-73.9662,42.33,87,96,1.99,US,1648339448
34,Najrān,17.4924,44.1277,64.94,30,1,5.48,SA,1648339710
35,Kaitangata,-46.2817,169.8464,62.04,65,22,3.04,NZ,1648339732
36,Guerrero Negro,27.9769,-114.0611,70.43,54,21,13.49,MX,1648339704
37,La Ronge,55.1001,-105.2842,3.2,74,7,4.05,CA,1648339576
38,Kapaa,22.0752,-159.319,82.38,61,0,18.41,US,1648339744
39,Punta Arenas,-53.15,-70.9167,46.51,93,100,3.44,CL,1648339687
40,Fengxian,34.7039,116.5872,47.79,33,100,13.0,CN,1648339862
41,Stepnyak,52.8339,70.7803,14.05,95,100,12.95,KZ,1648339863
42,Atuona,-9.8,-139.0333,79.48,78,30,14.92,PF,1648339690
43,Qaanaaq,77.484,-69.3632,-2.31,97,100,3.38,GL,1648339703
44,Portland,45.5234,-122.6762,66.9,67,100,8.05,US,1648339735
45,Sørland,67.667,12.6934,30.87,86,100,10.89,NO,1648339864
46,Marabba,12.35,32.1833,73.4,11,16,14.03,SD,1648339864
47,Tiznit Province,29.5833,-9.5,57.81,69,0,3.18,MA,1648339705
48,Busselton,-33.65,115.3333,64.09,74,89,19.1,AU,1648339686
49,Faanui,-16.4833,-151.75,82.15,72,56,12.21,PF,1648339730
50,Cherskiy,68.75,161.3,-2.88,90,100,8.75,RU,1648339782
51,Airai,-8.9266,125.4092,67.42,72,63,0.96,TL,1648339783
52,Yellowknife,62.456,-114.3525,6.42,80,100,4.0,CA,1648339713
53,Banamba,13.55,-7.45,87.71,29,73,1.86,ML,1648339865
54,Bengkulu,-3.8004,102.2655,73.72,87,18,6.58,ID,1648339725
55,Taoudenni,22.6783,-3.9836,82.31,14,19,9.08,ML,1648339724
56,Boo,59.3333,18.2833,29.77,70,40,3.44,SE,1648339866
57,Tiksi,71.6872,128.8694,-10.32,100,98,2.55,RU,1648339746
58,Khatanga,71.9667,102.5,-12.28,99,67,8.03,RU,1648339686
59,Padang,-0.9492,100.3543,76.41,83,7,4.5,ID,1648339767
60,Lebu,-37.6167,-73.65,55.65,89,51,5.12,CL,1648339759
61,Linxia Chengguanzhen,35.6003,103.2064,36.41,39,51,3.42,CN,1648339866
62,Puerto Ayora,-0.7393,-90.3518,78.85,82,68,6.93,EC,1648339695
63,Antofagasta,-23.65,-70.4,64.96,83,30,5.77,CL,1648339630
64,Kazachinskoye,57.6953,93.2761,12.43,88,99,11.03,RU,1648339867
65,Katobu,-4.9408,122.5276,79.77,85,80,2.3,ID,1648339867
66,Kathmandu,27.7167,85.3167,55.62,67,20,3.44,NP,1648339770
67,Carrickfergus,54.7158,-5.8058,46.54,77,72,2.3,GB,1648339868
68,Hilo,19.7297,-155.09,78.53,75,100,9.22,US,1648339696
69,Sabang,5.8933,95.3214,82.49,74,26,6.71,ID,1648339868
70,Hobart,-42.8794,147.3294,68.05,67,20,10.36,AU,1648339687
71,El Limon,10.3059,-67.6321,76.32,76,97,3.27,VE,1648339868
72,Severo-Kuril'sk,50.6789,156.125,33.08,97,100,20.8,RU,1648339738
73,Cidreira,-30.1811,-50.2056,67.6,74,41,10.63,BR,1648339728
74,Novikovo,51.1537,37.8879,35.69,75,100,17.07,RU,1648339869
75,Ancud,-41.8697,-73.8203,52.23,89,79,8.7,CL,1648339723
76,Bereslavka,48.6254,44.0449,38.17,61,49,27.38,RU,1648339869
77,Hasaki,35.7333,140.8333,64.29,78,100,17.4,JP,1648339836
78,Kavieng,-2.5744,150.7967,83.82,68,100,2.19,PG,1648339737
79,Jiuquan,39.7432,98.5174,39.33,29,16,7.87,CN,1648339870
80,Arrondissement de Limoux,42.9167,2.1667,49.71,72,95,5.99,FR,1648339870
81,Broome,42.2506,-75.833,41.02,75,100,6.91,US,1648339871
82,The Valley,18.217,-63.0578,77.09,68,42,13.56,AI,1648339629
83,Nampa,43.5407,-116.5635,73.49,33,0,4.61,US,1648339871
84,Bilibino,68.0546,166.4372,2.41,87,100,17.31,RU,1648339798
85,Carnarvon,-24.8667,113.6333,76.46,66,6,7.56,AU,1648339455
86,Ust'-Omchug,61.15,149.6333,3.09,89,94,2.66,RU,1648339872
87,Eyl,7.9803,49.8164,74.1,70,9,7.23,SO,1648339873
88,Port Alfred,-33.5906,26.891,65.17,88,78,1.01,ZA,1648339690
89,Lüderitz,-26.6481,15.1594,64.22,68,0,7.18,NA,1648339796
90,Norman Wells,65.282,-126.8329,9.3,83,100,6.87,CA,1648339714
91,Gigmoto,13.7796,124.39,82.13,75,53,7.65,PH,1648339722
92,Lata,40.1629,-8.3327,54.07,83,41,5.7,PT,1648339717
93,Lompoc,34.6391,-120.4579,73.54,78,0,11.5,US,1648339706
94,Tezu,27.9167,96.1667,65.25,84,98,3.83,IN,1648339873
95,Banda Aceh,5.5577,95.3222,79.45,82,43,5.37,ID,1648339874
96,Goundam,16.4145,-3.6708,87.84,23,52,5.03,ML,1648339874
97,Grand-Lahou,5.1367,-5.0242,79.54,84,98,5.21,CI,1648339583
98,Longyearbyen,78.2186,15.6401,-2.36,71,20,13.8,SJ,1648339736
99,Avarua,-21.2078,-159.775,80.65,78,75,12.66,CK,1648339721
100,Brae,60.3964,-1.353,46.81,93,94,13.96,GB,1648339875
101,Olinda,-8.0089,-34.8553,78.53,94,100,6.91,BR,1648339817
102,Malaryta,51.7905,24.074,34.2,54,47,17.27,BY,1648339875
103,Jasper,37.2001,-94.3502,57.88,33,0,10.36,US,1648339875
104,Coahuayana Viejo,18.7333,-103.6833,82.06,34,13,5.48,MX,1648339876
105,Khovd,48.0056,91.6419,25.12,35,56,3.15,MN,1648339816
106,Ixtapa,20.7,-105.2,74.43,69,0,10.36,MX,1648339877
107,Yangi Marg`ilon,40.4272,71.7189,52.88,70,100,15.73,UZ,1648339785
108,Gīdolē,5.65,37.3667,57.81,76,70,2.8,ET,1648339877
109,Lyndon,38.2567,-85.6016,42.69,48,0,12.66,US,1648339877
110,Kitui,-1.367,38.0106,63.93,95,29,3.02,KE,1648339878
111,Port Lincoln,-34.7333,135.8667,73.22,42,89,8.28,AU,1648339576
112,Thompson,55.7435,-97.8558,2.43,80,99,9.6,CA,1648339688
113,Coyhaique,-45.5752,-72.0662,49.95,62,75,4.61,CL,1648339618
114,Boende,-0.2167,20.8667,74.86,74,81,3.06,CD,1648339878
115,Ambulu,-8.345,113.6058,77.43,87,88,2.62,ID,1648339879
116,Saskylakh,71.9167,114.0833,-24.45,100,100,3.22,RU,1648339693
117,Castro,-24.7911,-50.0119,63.64,95,92,4.5,BR,1648339695
118,Humberto de Campos,-2.5983,-43.4611,75.76,93,69,3.98,BR,1648339879
119,Mizdah,31.4451,12.9801,61.25,16,19,8.59,LY,1648339880
120,Upernavik,72.7868,-56.1549,13.28,93,100,6.29,GL,1648339702
121,Penzance,50.1186,-5.5371,50.67,79,0,18.75,GB,1648339880
122,Dikson,73.5069,80.5464,-9.09,99,98,12.1,RU,1648339692
123,Geraldton,-28.7667,114.6,72.01,94,40,0.0,AU,1648339714
124,Maple Creek,49.9168,-109.4848,43.43,32,56,14.58,CA,1648339881
125,Kiama,-34.6833,150.8667,71.38,89,100,3.0,AU,1648339881
126,Zhangjiakou,40.81,114.8794,32.58,28,0,11.05,CN,1648339881
127,Paamiut,61.994,-49.6678,20.39,83,4,6.31,GL,1648339771
128,Arni,12.6667,79.2833,76.53,90,0,5.35,IN,1648339882
129,São Filipe,14.8961,-24.4956,70.32,75,62,4.92,CV,1648339709
130,Kamariótissa,40.4833,25.4667,52.29,63,0,5.95,GR,1648339882
131,Myaundzha,63.0494,147.1858,4.64,88,98,2.55,RU,1648339883
132,Sencha,50.2548,33.346,36.86,60,68,19.95,UA,1648339883
133,Saint Anthony,45.0205,-93.218,30.24,34,0,16.11,US,1648339831
134,Riberalta,-10.9833,-66.1,71.56,97,100,3.06,BO,1648339883
135,Maun,-19.9833,23.4167,70.18,72,50,5.7,BW,1648339884
136,Codrington,-38.2667,141.9667,73.74,38,0,7.87,AU,1648339726
137,Cape Town,-33.9258,18.4232,64.35,70,24,6.98,ZA,1648339689
138,Dhārūr,18.8167,76.1167,81.9,22,72,3.69,IN,1648339884
139,Chokurdakh,70.6333,147.9167,0.36,94,99,9.24,RU,1648339691
140,Tessalit,20.1986,1.0114,83.28,12,80,13.58,ML,1648339885
141,Bathsheba,13.2167,-59.5167,79.41,73,20,18.41,BB,1648339821
142,Poshekhon'ye,58.4993,39.1353,27.86,87,100,14.97,RU,1648339885
143,Kungurtug,50.5994,97.5228,5.49,87,77,1.79,RU,1648339712
144,Meridian,43.6121,-116.3915,73.17,31,0,4.61,US,1648339611
145,Rožňava,48.6601,20.5376,51.26,78,99,7.0,SK,1648339886
146,Ukiah,39.1502,-123.2078,75.43,49,0,8.05,US,1648339886
147,Ribeira Grande,38.5167,-28.7,61.0,85,88,15.75,PT,1648339712
148,Fairbanks,64.8378,-147.7164,39.16,56,100,0.0,US,1648339886
149,Narsaq,60.9167,-46.05,25.02,80,13,4.68,GL,1648339607
150,Khakhea,-24.6895,23.494,70.59,66,52,7.27,BW,1648339890
151,Yerbogachën,61.2767,108.0108,19.33,94,100,10.51,RU,1648339890
152,Filingué,14.3521,3.3168,83.35,10,47,14.05,NE,1648339891
153,Spearfish,44.4908,-103.8594,49.26,29,100,21.85,US,1648339891
154,Wahiawā,21.5028,-158.0236,78.55,55,75,16.11,US,1648339892
155,Gurupi,-11.7292,-49.0686,75.58,83,5,2.73,BR,1648339892
156,Châlons-en-Champagne,48.9539,4.3672,46.47,71,0,7.63,FR,1648339892
157,Nanortalik,60.1432,-45.2371,26.15,85,18,6.2,GL,1648339780
158,Camacha,33.0833,-16.3333,60.22,77,40,19.57,PT,1648339750
159,Atar,20.5169,-13.0499,73.49,12,26,4.23,MR,1648339658
160,Barrow,71.2906,-156.7887,1.42,78,0,19.57,US,1648339726
161,Buguruslan,53.6554,52.442,30.51,95,100,15.64,RU,1648339893
162,Souillac,-20.5167,57.5167,78.33,83,8,9.66,MU,1648339836
163,Spring Valley,36.108,-115.245,92.59,10,75,17.27,US,1648339598
164,Ouango,4.3133,22.5552,71.91,51,100,3.89,CF,1648339894
165,Karatuzskoye,53.6072,92.8667,15.53,91,100,1.1,RU,1648339894
166,Sawtell,-30.3833,153.1,66.22,94,75,12.66,AU,1648339894
167,Tautira,-17.7333,-149.15,81.57,74,59,12.57,PF,1648339781
168,Vigrestad,58.5667,5.7,42.48,81,95,10.78,NO,1648339895
169,Kalengwa,-13.4659,25.0027,63.82,97,89,2.35,ZM,1648339895
170,Rock Sound,24.9,-76.2,73.2,56,6,10.49,BS,1648339895
171,Nizhniy Tsasuchey,50.5167,115.1333,24.6,41,1,9.84,RU,1648339896
172,Taunggyi,20.7833,97.0333,61.95,60,50,1.81,MM,1648339896
173,Jalu,29.0331,21.5482,57.27,20,0,8.79,LY,1648339896
174,Kahului,20.8947,-156.47,78.82,69,75,13.8,US,1648339705
175,Los Llanos de Aridane,28.6585,-17.9182,60.55,94,75,25.32,ES,1648339587
176,Donegal,54.65,-8.1167,46.71,81,18,3.89,IE,1648339897
177,Fortuna,40.5982,-124.1573,61.93,71,0,12.66,US,1648339788
178,Husavik,66.0449,-17.3389,39.94,87,97,8.14,IS,1648339897
179,Jiancheng,30.391,104.5491,52.65,78,100,3.42,CN,1648339898
180,Nikolskoye,59.7035,30.7861,26.49,71,100,16.51,RU,1648339697
181,Sibolga,1.7427,98.7792,74.88,79,28,4.63,ID,1648339639
182,Bandarbeyla,9.4942,50.8122,75.36,65,26,7.16,SO,1648339820
183,Cuamba,-14.8031,36.5372,70.81,93,85,1.48,MZ,1648339898
184,Caernarfon,53.1413,-4.2702,53.08,73,28,5.01,GB,1648339899
185,East London,-33.0153,27.9116,66.87,87,84,9.26,ZA,1648339735
186,North Platte,41.1239,-100.7654,53.49,30,0,16.11,US,1648339899
187,Provideniya,64.3833,-173.3,22.42,74,100,0.78,RU,1648339699
188,Cururupu,-1.8283,-44.8683,75.04,96,99,2.64,BR,1648339819
189,Gao,16.6362,1.637,81.57,12,5,13.13,ML,1648339900
190,Evans,33.5337,-82.1307,62.02,24,0,7.0,US,1648339900
191,Dali,25.7,100.1833,52.61,86,83,2.66,CN,1648339901
192,Dabwāli,29.95,74.7333,68.76,16,0,3.58,IN,1648339901
193,Province of Mantua,45.1667,10.7833,48.06,66,0,1.99,IT,1648339901
194,Chicama,-7.8447,-79.1469,68.54,71,79,5.64,PE,1648339902
195,Christchurch,-43.5333,172.6333,66.42,71,75,4.61,NZ,1648339902
196,Leh,34.1667,77.5833,13.23,51,0,3.22,IN,1648339902
197,Lavrentiya,65.5833,-171.0,15.35,88,100,3.2,RU,1648339691
198,Meulaboh,4.1363,96.1285,76.26,84,58,5.48,ID,1648339639
199,Coquimbo,-29.9533,-71.3436,61.72,85,13,6.02,CL,1648339653
200,Baraki Barak,33.9675,68.9486,54.32,32,0,0.72,AF,1648339871
201,Slave Lake,55.2834,-114.769,28.96,80,100,9.42,CA,1648339903
202,Piaçabuçu,-10.4056,-36.4344,79.0,79,42,6.24,BR,1648339755
203,Loutrós,40.5883,22.3994,50.34,85,0,0.87,GR,1648339903
204,Blagoyevo,63.3667,47.9167,24.91,93,100,12.77,RU,1648339904
205,Solnechnyy,50.7214,136.6319,21.45,92,100,12.44,RU,1648339904
206,Olafsvik,64.8945,-23.7142,36.57,71,100,14.88,IS,1648339823
207,Waiouru,-39.4833,175.6667,55.92,65,95,6.51,NZ,1648339905
208,Kovernino,57.1253,43.8142,29.59,93,90,9.8,RU,1648339905
209,Longonjo,-12.9067,15.2533,63.7,91,100,1.01,AO,1648339905
210,Kjøllefjord,70.9457,27.3465,26.65,68,100,21.34,NO,1648339906
211,Mar del Plata,-38.0023,-57.5575,60.87,96,100,11.99,AR,1648339709
212,Islāmnagar,28.3333,78.7167,69.39,15,0,9.44,IN,1648339906
213,Belaya Gora,68.5333,146.4167,1.18,89,57,7.07,RU,1648339715
214,Ginir,7.1333,40.7,60.21,73,86,3.18,ET,1648339907
215,Makakilo City,21.3469,-158.0858,80.35,48,75,16.11,US,1648339907
216,Penápolis,-21.4197,-50.0775,71.78,91,48,4.81,BR,1648339907
217,Yatsuomachi-higashikumisaka,36.5667,137.1333,49.23,87,100,1.01,JP,1648339908
218,Majene,-3.5403,118.9707,81.95,75,95,2.33,ID,1648339908
219,Sterling,39.0062,-77.4286,45.91,48,40,17.27,US,1648339908
220,Kembé,4.6228,21.8865,71.38,49,77,2.46,CF,1648339909
221,Iqaluit,63.7506,-68.5145,8.37,93,15,6.8,CA,1648339838
222,Tuktoyaktuk,69.4541,-133.0374,-3.86,89,22,10.49,CA,1648339694
223,Clyde River,70.4692,-68.5914,-1.97,78,100,11.5,CA,1648339825
224,Gribanovskiy,51.4579,41.9764,34.47,96,100,6.44,RU,1648339909
225,Cabinda,-5.55,12.2,79.25,91,99,6.24,AO,1648339910
226,Alofi,-19.0595,-169.9187,79.74,85,100,19.01,NU,1648339711
227,Tanout,14.9709,8.8879,71.56,12,39,14.56,NE,1648339910
228,San Patricio,28.017,-97.5169,81.18,49,30,13.67,US,1648339820
229,Latung,5.5,120.8833,81.63,79,100,11.99,PH,1648339911
230,Havre-St-Pierre,50.2334,-63.5986,30.56,100,100,8.05,CA,1648339817
231,Asău,46.4333,26.4,51.28,58,91,8.61,RO,1648339791
232,Piquete,-22.6136,-45.1761,73.08,95,94,1.88,BR,1648339911
233,Harper,4.375,-7.7169,79.86,88,96,5.93,LR,1648339579
234,Salalah,17.0151,54.0924,76.17,44,48,2.37,OM,1648339695
235,Mt. Pleasant,32.7941,-79.8626,64.98,26,0,11.5,US,1648339911
236,Kamenka,51.3223,42.7678,35.51,98,100,17.0,RU,1648339912
237,Santa Luzia,-19.7697,-43.8514,75.11,69,85,3.58,BR,1648339912
238,Bethel,41.3712,-73.414,42.89,85,100,4.0,US,1648339717
239,Dudinka,69.4058,86.1778,8.47,81,100,7.02,RU,1648339912
240,Kavaratti,10.5669,72.642,82.31,70,6,1.3,IN,1648339913
241,Ellisras,-23.6649,27.7443,64.06,96,38,3.87,ZA,1648339913
242,Bambous Virieux,-20.3428,57.7575,79.21,78,13,10.38,MU,1648339728
243,Leningradskiy,69.3833,178.4167,4.66,77,3,1.79,RU,1648339752
244,Ponta Delgada,37.7333,-25.6667,61.52,77,75,16.11,PT,1648339914
245,Hamilton,39.1834,-84.5333,35.24,65,75,16.11,US,1648339914
246,Jiwani,25.05,61.7417,77.09,68,0,6.98,PK,1648339915
247,Acapulco de Juárez,16.8634,-99.8901,78.62,69,100,8.05,MX,1648339667
248,Zaoyang,32.1272,112.7542,56.1,73,100,6.58,CN,1648339915
249,Margate,51.3813,1.3862,49.3,86,3,4.0,GB,1648339826
250,Lakatoro,-16.0999,167.4164,84.02,74,86,1.01,VU,1648339916
251,New Norfolk,-42.7826,147.0587,67.71,59,1,1.01,AU,1648339720
252,Walvis Bay,-22.9575,14.5053,59.09,76,0,5.1,NA,1648339760
253,Santa Marta,11.2408,-74.199,82.89,70,55,10.0,CO,1648339880
254,Yaan,7.3833,8.5667,83.71,53,56,6.42,NG,1648339799
255,Bubaque,11.2833,-15.8333,77.18,64,31,20.04,GW,1648339837
256,College,64.8569,-147.8028,39.15,56,75,0.0,US,1648339647
257,Coos Bay,43.3665,-124.2179,65.32,97,100,9.22,US,1648339916
258,Miyako,39.6367,141.9525,50.7,79,100,5.64,JP,1648339917
259,Mackay,-21.15,149.2,79.99,70,32,10.87,AU,1648339917
260,Balagansk,54.0103,103.0544,23.54,73,100,11.92,RU,1648339918
261,Khāsh,28.2211,61.2158,63.52,24,0,7.38,IR,1648339918
262,Chapais,49.7834,-74.8492,29.98,99,100,1.86,CA,1648339487
263,Sekoma,-24.4,23.8833,69.4,68,96,4.9,BW,1648339919
264,Port Elizabeth,-33.918,25.5701,62.31,96,54,4.7,ZA,1648339686
265,Avera,33.194,-82.5271,62.11,33,0,15.08,US,1648339746
266,Jerome,42.7241,-114.5186,70.63,26,0,5.75,US,1648339919
267,Sorong,-0.8833,131.25,80.6,82,31,3.38,ID,1648339919
268,Warman,52.3168,-106.5679,10.44,88,83,9.17,CA,1648339684
269,Goderich,43.7501,-81.7165,31.91,82,100,24.72,CA,1648339840
270,Nisibis,37.0778,41.2178,45.9,74,100,7.76,TR,1648339920
271,Maceió,-9.6658,-35.7353,79.02,82,92,5.77,BR,1648339873
272,Río Gallegos,-51.6226,-69.2181,50.05,87,100,24.16,AR,1648339920
273,Nome,64.5011,-165.4064,28.17,68,0,3.44,US,1648339787
274,Hilton Head,32.2163,-80.7526,66.2,29,0,10.36,US,1648339714
275,Praia,14.9215,-23.5087,68.54,73,20,9.22,CV,1648339921
276,Māngrol,21.1167,70.1167,77.61,64,4,8.32,IN,1648339921
277,Nísia Floresta,-6.0911,-35.2086,77.36,88,100,4.03,BR,1648339878
278,Buraidah,26.326,43.975,54.97,29,0,9.53,SA,1648339837
279,Ust-Maya,60.4167,134.5333,7.81,93,100,2.21,RU,1648339922
280,Te Anau,-45.4167,167.7167,61.74,65,50,1.74,NZ,1648339764
281,Qasigiannguit,68.8193,-51.1922,14.25,84,100,4.14,GL,1648339922
282,Raja,8.4596,25.678,77.86,12,100,9.75,SS,1648339923
283,Moose Factory,51.2585,-80.6094,10.38,72,100,14.97,CA,1648339923
284,La Rioja,42.25,-2.5,38.98,91,58,4.94,ES,1648339923
285,Colesberg,-30.72,25.0972,58.48,61,0,5.73,ZA,1648339924
286,Katsuura,35.1333,140.3,62.98,84,100,3.62,JP,1648339794
287,Anadyr,64.75,177.4833,5.4,93,91,2.55,RU,1648339924
288,Probolinggo,-7.7543,113.2159,78.48,84,95,4.05,ID,1648339642
289,Haines Junction,60.7522,-137.5108,32.65,69,100,3.65,CA,1648339745
290,Bundaberg,-24.85,152.35,75.22,90,75,11.5,AU,1648339742
291,Puerto Carreño,6.189,-67.4859,77.94,86,100,7.65,CO,1648339925
292,Sungai Penuh,-2.0833,101.3833,63.01,67,62,3.09,ID,1648339925
293,North Bend,43.4065,-124.2243,65.25,97,100,9.22,US,1648339925
294,Tonj,7.2737,28.6822,83.08,13,53,8.48,SS,1648339926
295,Alta Gracia,-31.6529,-64.4283,67.32,47,0,4.12,AR,1648339926
296,Kruisfontein,-34.0033,24.7314,59.88,95,44,2.01,ZA,1648339754
297,Bulgan,48.8125,103.5347,21.33,48,1,4.27,MN,1648339698
298,Rovinj,45.08,13.64,42.62,58,0,4.41,HR,1648339927
299,Qaqortoq,60.7167,-46.0333,20.77,82,17,3.91,GL,1648339927
300,Chui,-33.6971,-53.4616,64.89,79,44,10.67,UY,1648339768
301,Saint George,37.1041,-113.5841,89.26,9,0,7.0,US,1648339654
302,Tynda,55.1667,124.7167,15.44,88,90,1.9,RU,1648339927
303,Bonfim,3.0833,-59.95,79.92,70,100,6.24,BR,1648339928
304,Saint Paul Harbor,57.79,-152.4072,40.51,75,100,9.22,US,1648339716
305,Kendari,-3.945,122.4989,78.55,87,93,3.36,ID,1648339928
306,Hervey Bay,-25.2986,152.8535,75.69,78,38,7.74,AU,1648339929
307,Kumul,42.8,93.45,44.82,31,59,5.32,CN,1648339740
308,Otautau,-46.15,168.0,64.71,59,20,2.24,NZ,1648339929
309,Intipucá,13.1969,-88.0544,84.72,47,80,3.22,SV,1648339930
310,Åmot,59.5714,7.9877,30.52,83,100,5.08,NO,1648339930
311,Tarasovskiy,48.7292,40.3636,44.71,60,100,27.07,RU,1648339930
312,Brus Laguna,15.75,-84.4833,75.83,77,57,6.49,HN,1648339931
313,Cabo San Lucas,22.8909,-109.9124,85.6,21,0,5.75,MX,1648339718
314,Manggar,-2.8833,108.2667,80.13,81,20,2.66,ID,1648339931
315,Shingū,33.7333,135.9833,60.84,69,60,7.16,JP,1648339705
316,Sabha,27.0377,14.4283,59.47,14,21,12.73,LY,1648339932
317,Zheleznodorozhnyy,55.7503,38.0042,30.42,82,86,15.3,RU,1648339932
318,Grindavik,63.8424,-22.4338,37.87,100,100,6.91,IS,1648339734
319,Iquitos,-3.7481,-73.2472,80.64,83,40,3.44,PE,1648339504
320,Vila Franca do Campo,37.7167,-25.4333,61.21,88,100,20.67,PT,1648339723
321,Krasnaya Gorbatka,55.8703,41.7641,29.98,95,43,11.21,RU,1648339933
322,Arlit,18.7369,7.3853,76.77,10,45,10.49,NE,1648339774
323,Malinyi,-8.9333,36.1333,71.24,96,69,2.08,TZ,1648339933
324,Wanning,18.8003,110.3967,79.97,84,53,4.25,CN,1648339934
325,Cockburn Town,21.4612,-71.1419,77.97,70,2,1.92,TC,1648339697
326,Lac du Bonnet,50.2536,-96.0612,6.37,65,6,11.32,CA,1648339934
327,Vuktyl,63.8567,57.3094,22.42,93,100,12.64,RU,1648339788
328,Kiunga,-6.1219,141.2906,79.61,81,99,3.06,PG,1648339701
329,Dandong,40.1292,124.3947,43.63,36,100,10.83,CN,1648339935
330,Hithadhoo,-0.6,73.0833,82.45,69,1,10.51,MV,1648339733
331,Beitbridge,-22.2167,30.0,68.47,89,97,6.64,ZW,1648339935
332,Yulara,-25.2406,130.9889,76.84,20,1,11.5,AU,1648339936
333,Atbasar,51.8,68.3333,20.08,95,100,13.62,KZ,1648339936
334,Wakkanai,45.4094,141.6739,37.38,93,75,27.63,JP,1648339936
335,Kokkola,63.8385,23.1307,24.04,82,0,4.61,FI,1648339937
336,Miles City,46.4083,-105.8406,49.17,27,0,10.36,US,1648339937
337,Katsina,12.9894,7.6006,73.63,11,21,13.06,NG,1648339937
338,San Cristobal,7.7669,-72.225,70.23,82,100,2.91,VE,1648339438
339,Monforte de Lemos,42.5216,-7.5142,49.71,83,93,2.01,ES,1648339938
340,Plácido de Castro,-10.3353,-67.1856,71.96,99,97,3.58,BR,1648339938
341,Cap Malheureux,-19.9842,57.6142,79.47,84,7,1.99,MU,1648339732
342,Mahébourg,-20.4081,57.7,79.25,78,11,9.98,MU,1648339689
343,Pangnirtung,66.1451,-65.7125,14.18,69,89,7.67,CA,1648339698
344,Douglas,41.3,-96.167,42.75,31,0,10.36,US,1648339665
345,Sirte,31.2089,16.5887,62.08,28,20,19.73,LY,1648339939
346,Bocaiúva,-17.1078,-43.815,76.71,55,59,4.81,BR,1648339939
347,Gamba,-2.65,10.0,77.68,90,99,5.48,GA,1648339940
348,Rundu,-17.9333,19.7667,67.33,58,76,5.17,NA,1648339940
349,Baykit,61.67,96.37,12.36,93,100,10.65,RU,1648339940
350,Siocon,7.7061,122.1353,77.0,86,100,11.99,PH,1648339941
351,Port-Gentil,-0.7193,8.7815,81.27,84,92,12.48,GA,1648339760
352,Okotoks,50.7289,-113.9828,46.42,51,99,3.0,CA,1648339941
353,Ust'-Ilimsk,58.0006,102.6619,14.63,87,100,14.61,RU,1648339941
354,Vardø,70.3705,31.1107,26.71,62,100,28.57,NO,1648339810
355,Kurtamysh,54.9103,64.4319,-4.65,100,47,4.32,RU,1648339942
356,Anloga,5.7947,0.8973,82.58,86,100,12.08,GH,1648339942
357,Jīran,24.3167,74.8833,75.52,13,2,4.36,IN,1648339942
358,General Roca,-39.0333,-67.5833,74.16,21,1,25.17,AR,1648339943
359,Klaksvík,62.2266,-6.589,45.52,77,100,24.25,FO,1648339824
360,San Quintín,30.4833,-115.95,63.84,75,32,10.38,MX,1648339838
361,Tuatapere,-46.1333,167.6833,63.14,63,13,2.17,NZ,1648339812
362,Bud,39.447,-86.1758,33.75,68,81,12.84,US,1648339943
363,Diego de Almagro,-26.3667,-70.05,66.54,35,0,2.51,CL,1648339944
364,Horsham,51.064,-0.3272,50.02,80,0,4.61,GB,1648339944
365,Itaberaí,-16.0203,-49.8103,73.74,73,52,3.2,BR,1648339944
366,Rørvik,64.8621,11.2373,33.91,97,100,16.89,NO,1648339945
367,Poso,-1.3959,120.7524,82.38,69,82,2.01,ID,1648339733
368,Mayo,38.8876,-76.5119,45.66,65,100,18.41,US,1648339945
369,Lodja,-3.4833,23.4333,69.06,92,100,2.1,CD,1648339946
370,Adrar,20.5022,-10.0711,72.14,17,38,2.04,MR,1648339773
371,Muravlenko,63.7898,74.523,7.5,99,57,8.61,RU,1648339946
372,Wick,58.4333,-3.0833,42.85,93,100,2.3,GB,1648339946
373,Asahikawa,43.7678,142.3703,36.68,99,100,5.03,JP,1648339947
374,George Town,5.4112,100.3354,80.53,83,20,0.0,MY,1648339553
375,Saint-Philippe,-21.3585,55.7679,76.59,81,27,7.76,RE,1648339736
376,Caldwell,43.6629,-116.6874,73.99,33,0,4.61,US,1648339947
377,Santa Fe,-31.6333,-60.7,63.91,96,3,2.42,AR,1648339754
378,Poya,-21.35,165.15,82.83,63,75,3.56,NC,1648339948
379,Touros,-5.1989,-35.4608,78.78,85,100,8.63,BR,1648339785
380,Saldanha,-33.0117,17.9442,64.17,72,34,4.65,ZA,1648339701
381,Nouadhibou,20.931,-17.0347,62.98,83,52,12.37,MR,1648339770
382,Jishou,28.3167,109.7167,51.58,95,100,0.45,CN,1648339949
383,Mercedes,-34.6515,-59.4307,62.78,85,4,6.62,AR,1648339949
384,Port Bannatyne,55.8566,-5.065,45.39,77,50,2.19,GB,1648339949
385,Magugu,-4.0167,35.7667,67.93,72,61,2.8,TZ,1648339950
386,Cayenne,4.9333,-52.3333,81.09,1,75,5.99,GF,1648339822
387,Flinders,-34.5833,150.8552,71.19,86,100,4.0,AU,1648339708
388,Dwārāhāt,29.7833,79.4333,53.13,30,0,3.98,IN,1648339950
389,Iquique,-20.2208,-70.1431,67.66,82,12,4.36,CL,1648339776
390,Takoradze,4.8845,-1.7554,81.12,81,100,4.18,GH,1648339950
391,Karaton,-6.3424,106.1045,75.52,93,54,4.07,ID,1648339951
392,Terney,45.0503,136.6092,37.72,71,18,13.69,RU,1648339951
393,Inhambane,-23.865,35.3833,73.65,88,99,7.36,MZ,1648339840
394,Semibratovo,57.3046,39.5369,30.06,94,100,15.08,RU,1648339952
395,Ambilobe,-13.2,49.05,73.99,97,6,3.18,MG,1648339952
396,San Felipe,10.3399,-68.7425,72.57,95,95,5.01,VE,1648339952
397,Barstow,34.8986,-117.0228,90.59,10,37,20.96,US,1648339953
398,Ada,43.4166,-116.1262,71.13,28,0,4.61,US,1648339843
399,Nenita,12.4917,124.8044,81.34,79,100,7.61,PH,1648339953
400,Evensk,61.95,159.2333,11.91,65,94,3.06,RU,1648339782
401,Mossamedes,-15.1961,12.1522,72.05,73,30,8.08,AO,1648339754
402,Belle Fourche,44.6714,-103.8522,51.49,25,98,14.36,US,1648339954
403,Lorengau,-2.0226,147.2712,84.58,68,100,4.85,PG,1648339716
404,Kudahuvadhoo,2.6708,72.8944,80.92,65,17,5.99,MV,1648339954
405,Abu Samrah,35.3029,37.1841,43.07,82,31,11.9,SY,1648339954
406,Port Moresby,-9.4431,147.1797,83.93,68,92,5.03,PG,1648339955
407,Danjiangkou,32.5428,111.5086,57.4,51,100,2.75,CN,1648339955
408,Lakes Entrance,-37.8811,147.981,69.17,56,5,1.34,AU,1648339955
409,Lovozero,68.005,35.0117,14.11,91,70,10.27,RU,1648339956
410,‘Āhuimanu,21.4447,-157.8378,81.54,57,40,13.8,US,1648339956
411,Ketchikan,55.3422,-131.6461,46.87,76,20,6.91,US,1648339956
412,Marawi,7.9986,124.2928,68.5,97,100,3.09,PH,1648339811
413,Nhulunbuy,-12.2333,136.7667,86.61,66,40,9.22,AU,1648339957
414,Tianpeng,30.9866,103.9393,51.57,75,100,3.0,CN,1648339957
415,Laguna,38.421,-121.4238,80.69,35,0,10.36,US,1648339715
416,Ponta do Sol,32.6667,-17.1,66.06,82,100,16.93,PT,1648339687
417,Nha Trang,12.25,109.1833,80.6,82,4,3.58,VN,1648339958
418,Acajutla,13.5928,-89.8275,82.94,57,89,3.76,SV,1648339802
419,Bemidji,47.4736,-94.8803,19.9,52,0,18.41,US,1648339930
420,Coaldale,49.7167,-112.6185,51.44,35,72,3.91,CA,1648339958
421,Lamar,33.6668,-95.5836,75.11,31,0,5.75,US,1648339958
422,Yar-Sale,66.8333,70.8333,-14.57,98,68,6.4,RU,1648339777
423,Merauke,-8.4667,140.3333,80.06,85,100,12.64,ID,1648339959
424,Cocal,-28.6167,-49.35,64.02,85,0,1.74,BR,1648339959
425,Ilulissat,69.2167,-51.1,14.02,73,100,2.3,GL,1648339766
426,Caucaia,-3.7361,-38.6531,78.04,84,100,4.12,BR,1648339960
427,Saint-Augustin,51.226,-58.6502,32.07,98,100,14.88,CA,1648339960
428,Cascais,38.6979,-9.4215,60.94,69,94,8.01,PT,1648339564
429,Richards Bay,-28.783,32.0377,68.22,92,11,4.47,ZA,1648339717
430,Talnakh,69.4865,88.3972,0.54,78,88,3.67,RU,1648339961
431,Malanje,-9.5402,16.341,66.07,94,100,1.19,AO,1648339961
432,Woodstock,43.1334,-80.7497,31.87,87,100,21.99,CA,1648339961
433,Benoy,8.9833,16.3199,83.14,15,4,6.62,TD,1648339962
434,Octeville,49.6261,-1.6435,48.69,81,0,14.97,FR,1648339962
435,Springbok,-29.6643,17.8865,60.19,38,0,1.61,ZA,1648339763
436,Iralaya,15.0,-83.2333,78.57,69,25,11.01,HN,1648339834
437,Caucayá,-0.1934,-74.7819,73.24,96,96,2.71,CO,1648339963
438,Jatai,-17.8814,-51.7144,68.76,93,94,2.53,BR,1648339751
439,Astoria,46.1879,-123.8313,58.59,73,75,6.91,US,1648339688
440,Bonthe,7.5264,-12.505,78.3,87,99,0.65,SL,1648339963
441,Adré,13.4667,22.2,68.41,11,24,20.2,TD,1648339964
442,Manaure,11.7751,-72.4445,81.25,71,76,20.6,CO,1648339964
443,Ylivieska,64.0833,24.55,16.88,89,11,6.31,FI,1648339964
444,Tamandaré,-8.7597,-35.1047,77.97,85,97,2.42,BR,1648339965
445,Hisuā,24.8333,85.4167,71.78,12,0,4.94,IN,1648339965
446,Abhā,18.2164,42.5053,57.45,31,0,3.44,SA,1648339735
447,Uray,60.1247,64.7758,15.3,88,78,11.52,RU,1648339965
448,Saint-Pierre,-21.3393,55.4781,76.68,72,0,6.91,RE,1648339721
449,Djebeniana,35.035,10.9081,60.3,81,43,9.31,TN,1648339966
450,Pangkalanbuun,-2.6833,111.6167,77.09,93,63,3.02,ID,1648339966
451,Mandasta,13.7328,-86.902,67.5,63,97,7.36,HN,1648339966
452,Tiarei,-17.5333,-149.3333,86.02,74,61,12.88,PF,1648339967
453,Trofors,65.5333,13.4063,26.28,95,100,5.26,NO,1648339967
454,Kutum,14.2,24.6667,58.71,15,1,12.19,SD,1648339967
455,Nemuro,43.3236,145.575,39.13,98,100,16.55,JP,1648339968
456,Klintsy,52.7602,32.2393,30.07,68,97,23.33,RU,1648339968
457,Bonavista,48.6499,-53.1147,31.59,97,100,13.78,CA,1648339968
458,Lahaina,20.8783,-156.6825,78.8,85,58,12.59,US,1648339969
459,Havelock,34.8791,-76.9013,60.78,35,0,8.05,US,1648339807
460,Saraland,30.8207,-88.0706,71.62,52,0,4.97,US,1648339969
461,Henties Bay,-22.116,14.2845,64.2,82,0,4.34,NA,1648339969
462,Bilma,18.6853,12.9164,72.68,12,48,7.99,NE,1648339688
463,Juradó,7.1053,-77.7641,77.47,88,90,1.74,CO,1648339970
464,Leshukonskoye,64.8989,45.7622,15.31,92,100,15.64,RU,1648339970
465,Jinxiang,27.4327,120.6062,57.09,90,100,4.65,CN,1648339971
466,Sulangan,11.1373,123.7228,81.81,74,95,9.62,PH,1648339971
467,Pevek,69.7008,170.3133,1.87,93,98,8.48,RU,1648339700
468,Rocha,-34.4833,-54.3333,63.61,84,65,10.31,UY,1648339700
469,Hazorasp,41.3194,61.0742,37.24,67,5,7.09,UZ,1648339971
470,Sinnamary,5.3833,-52.95,77.54,86,89,13.73,GF,1648339972
471,Karratha,-20.7377,116.8463,83.48,69,71,8.48,AU,1648339749
472,Vostok,46.4856,135.8833,27.18,93,100,11.9,RU,1648339972
473,Riyadh,24.6877,46.7219,55.54,26,0,10.36,SA,1648339701
474,Altay,47.8667,88.1167,32.27,51,99,7.27,CN,1648339972
475,Shimoda,34.6667,138.95,61.11,82,82,10.92,JP,1648339973
476,Itarema,-2.9248,-39.9167,76.77,90,98,8.95,BR,1648339813
477,Samarai,-10.6167,150.6667,85.46,69,100,8.72,PG,1648339722
478,Pangody,65.85,74.4859,-7.55,99,87,2.64,RU,1648339973
479,Sri Aman,1.2376,111.4621,74.17,97,99,0.81,MY,1648339974
480,Aksarka,66.5606,67.7975,-10.1,95,93,6.33,RU,1648339974
481,Aleksandrovskoye,44.7142,43.0008,34.02,92,46,7.11,RU,1648339974
482,Petropavlovsk-Kamchatskiy,53.0452,158.6483,28.78,46,0,4.47,RU,1648339975
483,Montalvo,-1.8,-79.3333,76.73,96,100,0.36,EC,1648339975
484,Jinchang,38.4953,102.1739,39.79,41,68,3.2,CN,1648339975
485,Comodoro Rivadavia,-45.8667,-67.5,69.66,26,35,13.8,AR,1648339527
486,Shādegān,30.6497,48.6647,58.78,32,0,10.87,IR,1648339976
487,Pecos,31.4229,-103.4932,88.86,5,0,0.0,US,1648339976
488,Ust-Kuyga,70.0167,135.6,-3.14,99,100,6.33,RU,1648339976
489,Halifax,44.6453,-63.5724,43.7,85,46,1.99,CA,1648339902
490,Ipilan,8.8431,117.9033,82.76,77,78,9.89,PH,1648339977
491,Perelyub,51.8667,50.3667,32.76,83,73,15.35,RU,1648339977
492,Vestmannaeyjar,63.4427,-20.2734,46.08,95,100,15.48,IS,1648339716
493,Broken Hill,-31.95,141.4333,73.69,42,0,12.62,AU,1648339768
494,San Vicente,-26.6167,-54.1333,58.59,83,0,1.81,AR,1648339978
495,Iglesias,39.3114,8.535,58.42,62,6,18.54,IT,1648339978
496,Qui Nhon,13.7667,109.2333,79.21,80,0,3.56,VN,1648339979
497,Kattivākkam,13.2167,80.3167,82.49,91,4,10.04,IN,1648339979
498,Sur,22.5667,59.5289,81.9,34,0,6.04,OM,1648339737
499,Vanderhoof,54.0166,-124.0198,38.32,94,100,2.13,CA,1648339491
500,Nabire,-3.3667,135.4833,83.37,71,97,1.12,ID,1648339833
501,Balabac,7.9868,117.0645,83.41,76,98,9.91,PH,1648339979
502,Pisco,-13.7,-76.2167,68.05,77,0,11.5,PE,1648339980
503,Bataiporã,-22.2953,-53.2711,64.09,84,80,1.05,BR,1648339737
504,La Ligua,-32.4524,-71.2311,60.94,75,1,5.03,CL,1648339755
505,Isla Mujeres,21.2311,-86.731,77.16,56,84,12.62,MX,1648339781
506,Kismayo,-0.3582,42.5454,80.47,82,27,5.86,SO,1648339818
507,Hudiksvall,61.729,17.1036,31.95,75,100,2.42,SE,1648339981
508,San Andrés,12.5847,-81.7006,80.62,74,20,6.91,CO,1648339981
509,Valleyview,55.0667,-117.2859,34.23,84,98,3.44,CA,1648339981
510,Valmiera,57.5411,25.4275,29.41,62,96,13.73,LV,1648339982
511,Norsup,-16.0667,167.3833,84.52,73,95,1.5,VU,1648339982
512,Abalak,58.1286,68.5944,-2.65,99,71,5.19,RU,1648339982
513,Peniche,39.3558,-9.3811,58.1,84,32,10.8,PT,1648339876
514,Santa Barbara,34.7333,-120.0343,68.99,46,0,12.66,US,1648339983
515,Muyezerskiy,63.9333,31.65,14.07,82,99,14.76,RU,1648339983
516,Jardim,-21.4803,-56.1381,69.78,61,21,1.66,BR,1648339984
517,Shahreza,32.0339,51.8794,40.64,28,0,1.05,IR,1648339984
518,Esna,25.2934,32.554,57.13,27,0,9.8,EG,1648339984
519,Isangel,-19.55,169.2667,83.66,66,97,9.66,VU,1648339830
520,Toyooka,35.5333,134.8333,51.85,81,75,5.75,JP,1648339985
521,Piopio,-38.4667,175.0167,71.1,42,74,2.51,NZ,1648339985
522,Caravelas,-17.7125,-39.2481,77.65,84,10,6.02,BR,1648339774
523,Lokosovo,61.1333,74.8167,11.12,92,83,8.93,RU,1648339986
524,West Fargo,46.875,-96.9004,19.45,55,0,21.85,US,1648339986
525,Constitución,-35.3333,-72.4167,53.83,89,50,7.56,CL,1648339723
526,Artyom,40.4723,50.333,44.74,85,98,6.31,AZ,1648339986
527,Dicabisagan,17.0818,122.4157,82.26,75,59,1.21,PH,1648339987
528,Zyryanskoye,56.8306,86.6258,-2.27,99,24,5.73,RU,1648339779
529,Lázaro Cárdenas,17.9583,-102.2,81.66,42,28,9.6,MX,1648339760
530,Vao,-22.6667,167.4833,75.92,77,69,14.81,NC,1648339761
531,Saint-Joseph,-21.3667,55.6167,75.58,80,28,6.8,RE,1648339988
532,Turbat,26.0023,63.044,76.57,20,0,2.06,PK,1648339988
533,Mount Gambier,-37.8333,140.7667,73.47,38,0,7.14,AU,1648339766
534,Sambava,-14.2667,50.1667,77.34,90,11,6.6,MG,1648339988
535,Mīrābād,30.4362,61.8383,66.49,27,0,17.05,AF,1648339872
536,Carutapera,-1.195,-46.02,76.21,94,86,5.17,BR,1648339989
537,Kroya,-7.6331,109.2461,78.06,84,100,1.97,ID,1648339989
538,Lakselv,70.0513,24.9718,21.02,68,75,16.11,NO,1648339990
539,Port Blair,11.6667,92.75,77.04,94,20,2.3,IN,1648339736
540,Singaraja,-8.112,115.0882,81.84,79,74,4.43,ID,1648339990
541,Takāb,36.4009,47.1133,27.05,89,30,2.82,IR,1648339990
542,Le Marin,14.4721,-60.8697,76.91,78,75,3.44,MQ,1648339991
543,Salinópolis,-0.6136,-47.3561,77.54,89,92,7.87,BR,1648339835
544,Kokstad,-30.5472,29.4241,55.67,93,90,2.13,ZA,1648339991
545,Kiryat Gat,31.61,34.7642,53.4,71,0,4.76,IL,1648339620
546,Melo,-32.3667,-54.1833,64.38,79,59,10.2,UY,1648339991
547,Tambo,-14.8,-73.9167,37.92,94,100,6.44,PE,1648339992
548,Santa Maria,-29.6842,-53.8069,66.63,68,97,4.79,BR,1648339912
549,Berlevåg,70.8578,29.0864,22.8,68,100,24.25,NO,1648339992
550,Kovdor,67.5662,30.4758,16.75,90,70,14.25,RU,1648339993
551,Gold Coast,-28.0,153.4333,79.16,88,100,4.61,AU,1648339980
552,Sokoto,13.0609,5.239,81.61,11,36,14.5,NG,1648339993
553,Copiapó,-27.3667,-70.3333,69.19,56,0,1.43,CL,1648339994
554,Guymon,36.6828,-101.4816,80.6,16,0,13.8,US,1648339994
555,Ōme,35.7839,139.2431,64.0,49,100,11.5,JP,1648339994
556,Porbandar,21.6422,69.6093,78.33,60,5,6.31,IN,1648339995
557,Ciudad Bolivar,8.1222,-63.5497,84.79,54,100,9.89,VE,1648339995
558,Ust-Nera,64.5667,143.2,2.23,94,93,4.74,RU,1648339795
559,Winder,33.9926,-83.7202,58.51,20,0,6.91,US,1648339919
560,Chengzhong,30.95,113.55,56.89,80,100,3.02,CN,1648339996
561,Poum,-20.2333,164.0167,81.46,68,88,9.6,NC,1648339747
562,Buluang,13.3068,123.3425,81.63,75,79,3.83,PH,1648339996
563,Mnogovershinnyy,53.9353,139.9242,17.17,93,100,11.99,RU,1648339797
564,São Félix do Xingu,-6.6447,-51.995,73.26,97,59,1.21,BR,1648339997
565,Alamogordo,32.8995,-105.9603,80.22,9,0,5.75,US,1648339997
566,Rawson,-43.3002,-65.1023,65.86,47,17,11.36,AR,1648339711
567,Mocuba,-16.8392,36.9856,73.94,96,98,2.8,MZ,1648339998
568,Polyarny,69.1989,33.4478,24.12,66,100,18.48,RU,1648339998
569,Brădeanu,44.9333,26.85,46.42,54,53,9.55,RO,1648339998
570,Plettenberg Bay,-34.0527,23.3716,61.05,85,5,3.89,ZA,1648339999
571,Balad,34.0164,44.1453,52.92,39,2,5.3,IQ,1648339999
572,Ostrovnoy,68.0531,39.5131,23.09,56,100,16.49,RU,1648339743
573,Sakaiminato,35.55,133.2333,51.87,65,98,3.31,JP,1648340000
574,Saryozek,44.3583,77.9753,41.2,97,100,4.25,KZ,1648340000
575,San Miguel de Cozumel,20.5083,-86.9458,77.07,73,75,10.0,MX,1648340001
576,Mehamn,71.0357,27.8492,23.45,71,100,20.47,NO,1648339751
577,Praxédis Guerrero,31.3667,-106.0167,84.65,4,87,2.89,MX,1648340001
578,Jaisalmer,26.9147,70.9181,80.31,9,0,10.4,IN,1648340002
579,Nouakchott,18.0858,-15.9785,64.33,80,12,14.47,MR,1648340002
580,Kupang,-10.1667,123.5833,80.62,84,92,1.9,ID,1648340002
581,Naranjito,-2.2167,-79.4833,80.28,93,99,2.15,EC,1648340003
582,Klyuchi,52.2667,79.1667,15.35,91,100,11.01,RU,1648340003
583,Tukums,56.9669,23.1553,31.35,60,90,14.27,LV,1648340003
584,São Francisco,-15.9486,-44.8644,76.73,52,20,3.94,BR,1648340004
585,Rybachiy,48.7073,44.7449,39.06,54,36,21.81,RU,1648340004
586,Kiruna,67.8557,20.2251,9.52,85,20,4.61,SE,1648340004
587,Tucumcari,35.1717,-103.725,81.95,7,0,10.36,US,1648340005
588,Goma,-1.6792,29.2228,61.57,86,93,2.68,CD,1648340005
589,Kununurra,-15.7667,128.7333,85.98,70,84,4.61,AU,1648339831
590,Srednekolymsk,67.45,153.6833,4.6,90,99,14.83,RU,1648339822
591,Tateyama,34.9833,139.8667,63.14,86,97,5.23,JP,1648340006
592,Punta Umbría,37.1821,-6.9661,55.24,66,7,4.12,ES,1648340006
593,San Policarpo,12.1791,125.5072,81.79,80,100,11.81,PH,1648340006
594,Hualmay,-11.0964,-77.6139,70.56,80,87,8.14,PE,1648339778
595,Omsukchan,62.5333,155.8,6.28,83,100,3.29,RU,1648340007
596,Beckley,37.7782,-81.1882,32.18,89,100,14.97,US,1648339785
597,Motupe,-6.1519,-79.7142,77.11,80,100,3.04,PE,1648340007
598,Russell,32.3502,-85.1999,64.0,22,0,9.22,US,1648340007
599,Krapivinskiy,54.9992,86.8133,-2.22,100,89,1.88,RU,1648340008
600,Morondava,-20.2833,44.2833,78.3,85,3,4.76,MG,1648339805
601,Weligama,5.9667,80.4167,75.2,90,3,4.27,LK,1648339758
602,Zar,40.2588,44.732,19.42,70,2,8.1,AM,1648340010
603,Pangai,-19.8,-174.35,80.46,70,56,11.61,TO,1648340011
604,Muhos,64.808,25.9931,17.38,79,5,9.04,FI,1648340011
